10terabyte_xl,23250d85-6ae0-308e-be46-5276975a203c
13zergking,30e8c507-3416-3a2a-95b6-49088ccd2319
1bladesilver,5394ddd4-59bc-3aa8-b201-83cc13f63fbc
200328,028003f6-14e3-3fd6-a16a-7d56d87ac1b5
20k_30k_are_sb,290d478c-4a21-345b-a877-76ba3453d5cc
2ndfinger,9a4404cc-9e11-3f4c-ac1c-7debd8e4468a
7isdabomb,9d1026ff-fdd7-326c-9c7e-8ad9b9c0dc26
999_mango,29586639-14c8-3408-a061-01aa2d0c09a2
___karma___,60301a7b-518e-30ac-8514-8d60e3b41d9e
_bloodmoon_,3698a06e-150e-33eb-ab08-da41ca740160
_chimes_,985048ad-48e9-34a1-be9e-349de3e49a73
_itsspiros_,9b107eaf-2b6a-3169-880a-c53869b0e956
_minuit,f2b5f5ba-c73f-3f0e-a05a-244c3772734c
_nhiiyangho_,7c29b40d-8c02-3adb-a637-f39a6642cf50
_thnb_,c86c588a-3a74-3470-930f-83893d1fae23
_van_darkholme,fd03bc9b-39ba-3d95-8d3f-4bb903e7c99e
_wisaaa_,f12fec13-12f0-3424-89b2-a465193bdf8f
abadabobotalks1,8587db63-767e-338a-a91e-22be05b0143f
accnay500k,ffd120da-6e1f-3795-ad8d-fdf74d447fcd
accnay50k,8df8048d-a7f2-378a-843f-1a0ed8c97034
adenwarriorpro,5d32e923-098a-32e7-a408-5c76186f5fc5
adminray,253f2f0d-fcd8-3de6-8ab6-4d44d61cfe66
adrenpcwwcuceh,de3767ee-5f67-3e98-97e3-6448362e45e2
adrestio,0240f2f2-3522-3df6-9cfc-08390c9150ec
agualt21,1eb8b7e2-0b3a-3162-916e-3d79e78dccf6
aidenondacraft,32eb2aa4-7fdf-3ce1-938f-fba9720d6238
airlifting,eb76c672-d2d9-3103-b6ec-caa56474f802
ajaroste32,39254334-b9d8-3dc7-8019-fc13f97ae495
ajxgrg,397620ab-981f-3c41-9572-315612a75247
alex_drod,90695e89-9043-38d3-8e6f-358dcfc5fb68
algmbukxs,9ad93556-039a-3dcb-8f0d-337b10e427fb
amapngautljd,16798588-4b7d-3b5b-b029-113ee033dc65
ambercat12,e41084b2-5d60-3eea-b3e1-6f6d07705f86
anafk,9f25dad1-5baf-3856-8016-9fcf1ae665a7
anders_breivik,368b97a4-008b-3683-9512-cd7e6e32e859
anhtu,52cb7fd7-5f22-31f3-a2d1-de1d4a577401
anoggy,16c133a4-bf63-3118-8860-93f0f75147f1
antrc2,9e69a7e0-5fcd-3b8b-8c7f-847ba30156d2
anytb,97dc4cad-ad3d-3ef3-8b04-7e5440e9b127
aphe0114,5ec637e7-2439-3c97-bfd7-f6586239efdf
arwr_pirdy,c1d7c035-23a6-3896-a92b-c64a9ec9b53a
assassins_u,210c2b6c-cf8b-3689-bc56-398787c322ba
atlasmkv,a86a3dae-a565-3a7d-8227-c2cc0ec8ce2e
avinuil,151b7382-554a-3c56-8e35-e07a40bfc577
azami,6b34ed68-0014-3ecb-878f-58a77393965c
babta,42b997c0-aed2-39b7-a9c8-766795c17c37
baby_malte,b2d6b971-99f2-380a-b340-9ff67de5b008
badenes,5d1af1c4-4f3b-36d7-b2a7-2fb52a16cfb2
bakabaka_vn,0b95530c-7036-3eb5-b1c8-bb62287073ff
bass123y,fd266d88-3270-3f78-941d-17b8c468c22a
batdancer,1dd13593-ea51-32bd-bfe1-7454417a3719
bcvymycthfakc,3a77132f-aaad-3fad-beac-a579feaee71d
bdrez,94f5ffd4-f87d-3ddd-ad0e-2ac1d745eaed
bearmcvn,a34d9f13-e436-341a-b9fc-f669258fdac6
beastgamer259,e6e85db0-2427-34de-a3e2-d4a49f23f9cc
betastein_,d5a3aa65-3f75-35ba-b626-ed31e87369d8
bibo0463,0ac8c169-30f5-3467-83f3-a95c46e8b436
bigdoinks123,870b79c0-c3ae-3d20-b363-811b886c32c0
blablablabla,443d9168-fec4-3f9f-ab2f-3a27c1235f11
blackk360,84d65310-ff56-3020-898e-f2133189f085
blindhipster,a4591ec9-0baf-382d-bd39-866fc4e4964e
blitz_007,08ec7f9d-402f-3962-9ea6-96b7b4fd8f4f
bloatedmagot,67c007a3-e58b-314a-98df-ea3e74c90aa2
blockrobot123,0ee619b6-7e1e-322a-abcc-56ecb9939f2f
blood_moon0,5df1e7c3-fcee-334c-91ac-4065baeef0e8
blue_churro,2eb3c93f-3faf-3137-baaf-d0b7616bcf45
blueblizzardwolf,db6068d9-c079-35a1-83a7-a870af45139f
bluedream,1ea290d5-631f-3754-889e-d318a965d551
bobeik,a2524f65-8335-3478-9c9c-4cf1ab693df9
bok_huy,0d4b85d0-dbf8-3c8e-af76-0bfb10a8501f
bringmemytea,6d381bd8-5cf4-36a3-bce0-9db3ca06b18c
brokenheart,ddb96631-d583-3ab7-9bdf-3e0ab6093a7c
brucelliam_pvp,8a6f5541-071e-39e0-8d81-f1740ae9d6ac
butholetickler,ee99301f-6410-38be-bdfd-fbd671ff3555
buymydiamonds,9393149f-40e1-3b51-8567-347e05776166
c0lv3r,5e8e002f-ff74-32e0-a254-4f2813addf0f
caleb612715,c149d987-5913-3d2f-abcb-a6394b094013
calientepocket1,4eb9ff52-3003-36e8-a8d1-1cfbca421f66
canyonmoonclauds,be020905-bbde-3f21-9b78-23363ee0120c
captian_flint,5d058a3d-efc5-377e-aead-e1616d158fb4
catlikecat,2b95f3b1-02c0-3a07-91b4-008e4cdb5758
ccewedelhnprok,d27931d8-0a1e-3a52-b707-3af47384c1de
cesena,d901948b-a159-3ce7-9ecd-f254ab897eaf
changbaka,d6751310-b39e-3871-9972-0c6d734da497
changnotngu,2d69cca6-0f85-3f90-b78c-9b66b0e51636
changpaka,60a74c71-e0e6-3b9e-9d46-56e7a44e5eac
cheems,85c57328-a01a-37f3-8961-5c6c21016b61
chficecold,3711ea66-cd0b-345e-a328-890f874a32f6
chipbo123,147a30ad-9b87-397c-bd74-dd53bcabd9b0
chubby_baby_boy,e1ac1b90-4698-345b-abbc-b3a6de463b02
circus_babyxx,d593c6e6-9041-352b-8c5f-dd3ec16cb144
clumzy,55974096-5087-3dfd-8fed-9dd3623b3725
cobyiiika,0399b3fd-8618-360b-8ece-20e06ad48cfb
concainitoke,9d900b12-2085-3f83-8452-5c6bf339c961
concu133vn,043e711d-486d-36b8-8b6c-fe5bb47ed72f
cookie0247,5c6bc348-5647-3b14-ab73-f5ded1042137
cool007monkey,c0a83b95-2436-383a-b675-a947bb9d5edd
coolness300,c64093c8-f2e5-3d86-86db-04c45c2cb005
cov_titan_626,5661f15e-d1f9-396e-b7a2-0362201db0c1
cowser,82ce145e-1ca7-38f3-83d6-9266d75460ba
cpgv,efd406dd-9d8b-3143-8549-3daffd8de69b
cpoblack,67c87325-9bd8-37af-b131-acf164be04e2
craflowmc,30e534dc-f25a-3bac-bd73-6b668fc89ecc
crazybear,705c42fd-5f32-3612-99a9-a35765ee272b
crazymaniac568,34663ccd-1702-3b79-83c5-4c1c7feb521e
cs_cute,2438d802-bf92-339a-89dd-39c934f65033
csirke42,030bc0b9-8019-33ba-8767-d529b362a63b
cuoinhaudi,42b9088a-569d-3dd7-9f75-5f3ec61e72ad
cutiepiper,7e836978-c9a4-3b5c-8884-23fc6a569fcc
daindrin,1d427940-d6bd-345b-8420-61ae8a81ff83
dangtu,40c43eb5-c62e-3b12-9d48-47fcdeed4c61
danielpark,2affd0b6-e961-3477-aa60-9439e89bb8da
darklord,304c7294-810f-3ec2-a5b5-d62cb9a29473
deaconwhite,61638a80-0e53-3306-9a56-5abaa8ada151
degn_,d2427ea2-16ae-33a9-b724-e448417d521c
dehzrztsr,667cc365-becd-3e43-9ef6-4c61be4e692f
denis_play,9a2e517a-4776-3748-aeb8-6ec88f35b8b3
depzaivailon,0fc2dfc3-c517-3b2a-89ff-37e423fe544e
devin161,eabb6156-380a-334d-be32-037b886c2671
dgzyt,411c3e9d-3689-3fc6-a1b5-92aa7c3a02a6
diabolo_citron,ae8dc4d2-447c-371e-ac47-14622272b8d1
dimrose,4b41d816-016a-3a46-b831-84cf93b6e55c
discofighter,d0e75110-a5f6-38e3-ac18-e1b0972ce006
djibriel1929,cd5251b8-0bb8-3e7d-8ee8-56d0f092557f
dmuqndkn,04b79b9e-b551-3e41-ab9b-535e4b131859
dnhgamer,eb738b87-c1ac-3574-a93a-8fbd9a1a4210
dohyeon12,a0ed1d67-ed8f-3f5a-bd09-39d9e4c7bae7
doingodswork77,bd979830-8640-3d1c-b3b3-479822ba9f26
dovaspartan258,6c7d6c4d-5c3e-34ad-b4a4-0ed666d0bd48
dqxlgtysllxooriu,8b7ab967-12ea-3a36-a511-7c5bd60da255
dratick,9c1e5ba5-4e40-344e-b92e-7fc0891eab78
dreamlesz,035a4e3c-013d-32a6-be57-b2b3da5e05b8
duc,41445b3c-0c96-38a2-937b-7353fde4e0ad
ducthanh,9c19b051-5888-3a7c-b43e-d578a27ea3b0
ducthanh200328,ff8acbfc-b7cd-3814-bf01-4f4064dd3a05
dumbtomcat,4e6c3762-2560-3079-b0e9-9793ecfba7eb
echochee,576a4850-0380-36e1-910a-0ee9e0a77bb0
efrwin,207375ec-3137-3b71-9d95-8681c67557f3
eg2000,fe4ad295-76f1-3778-8f4a-fcde9afb38de
eggman105,95d19f29-35a3-3625-a006-75fe412b732c
egxcl,2aced83f-3d6b-3348-b0ac-a4de6e212fed
emily_carstairs,4a36a4c5-760d-329c-bd10-be2305017766
emrdtfdr,7f37db16-01d7-37cc-888c-c929932c2fc5
enovel,72bfa074-5c83-3da6-bdf0-5ecf68186f2e
ep0214,05a5ea4d-65bb-3ca2-b9bd-419d2aad4e77
error404pnf,f3e8f7db-f5ae-364f-8adb-2ddfdce64cd8
ertrolopez,6a5816e4-9191-3310-b19a-c9e59f7a75af
ethanlovesramen,2cd0c84e-7162-3230-b22b-4431a769d4c5
exploiter,9bc27661-0e3e-3882-b975-0bfd3f90d1fe
exugoeqgow,6c05e43d-0f4d-3ff0-8d64-b37e377b068d
eyjysxsmnxbuhng,ccaf34d2-2d97-37a7-a68d-ff28d9007e36
ezio178,4152fb92-c443-3fdc-97d6-f535f770fb74
faene,d9471f24-a0cb-38bf-9256-ea39220b0d1a
ferrari,6a9f6529-b74a-33ba-8f32-ac699b276141
filup15,6357111b-ad05-3c65-a4de-5b0fe4d8199a
fip_10954,e9e509cf-a608-34cb-b7f5-d99db5387aa3
fip_11481,45b79475-9d06-3357-b7df-cdcdf5bac2b1
fip_15855,e6aac2b1-993b-3552-8cb7-68d28c57d38f
fip_22124,7dddffd6-1c59-3821-bb02-afaaefb057de
fip_32488,85158700-cf8d-317d-b40b-7174fe8715b2
fip_36559,d6f89e58-f80f-30e0-a1e1-a388f07399f7
fip_43309,c9127111-2c78-3b11-8035-d6c8731a713e
fip_62428,c8ae816a-42f0-30f5-8626-5e71b10c796e
fip_80442,e870a69c-3c1c-3c13-a067-597be3336383
fip_81205,84330da8-e22e-36fa-a71b-0dbd020fd0e0
fip_81321,9603bccb-aa1a-3a82-a6df-a60a2e162f0a
fip_82359,b35092da-7203-392b-a24f-bba300679d64
fip_82693,5c42ed3e-791c-3bda-944f-16d51387b436
fip_86366,2d432977-85a0-3b3e-a471-152c6a60a741
fireforge92,8a1096ef-2f34-314b-aa3e-9983d6af183e
fisher760,b0e7137f-43c5-3be9-99e1-f191b78b76bd
fishfish,1760c328-3dd1-3ef0-90b9-58eb31bb0ea3
fishingbot,68cf3958-9bd0-339d-8cce-110755a590ab
fkzgpgayubzbfjk,f0e74cd6-28d6-3795-bf7e-f5adce1b2369
flux_cx66,2161ab2f-dac2-33a5-9db7-7e503b17ffa3
fmora1512,79d2954b-7f3c-322c-83a2-bd0524788eeb
fnha,c26f1232-a10e-3b90-9fe5-33a2da353665
fr3e2ly4t,8ef30051-377c-376b-a2e7-73a84e27351e
frazzycams,f96063b1-e225-35a5-9f8b-64790390a52a
freshiii252,c0847f06-926b-3467-8bb2-e9ab4a181b72
fsady,462a2ab1-f400-328f-b472-7131b8b6d01f
fullsize,a886decd-9301-3815-97f0-cd03c9d51dfb
fzauzpgd,5cf2bf64-a268-3107-bebd-19760d57dfd0
gaboxr,892ef1d0-53e0-3f9c-a147-21d355eaf048
gangmemberrxs,066434cc-91b8-32d3-a9cc-5aa1c73746df
gducaqhaibnezk,521b08f8-5ca0-3ca9-afaa-f402efaab315
gdvr_,b5c1ac31-38bd-3efc-9f61-c151886dad13
getoutmyway,a81c8923-81f6-31d1-8480-262b93227a88
ghostlight_vn,d047eabd-7e9e-3a01-8d93-4e4a935c2d04
giatuong123,820677e5-fedc-31f9-aee7-caa76056066a
gipcjlnm,3b86542f-68f4-346a-9fd5-4a0b7c4ae715
gnizdjfopa,db91e3b6-56cd-3835-bbb2-3527b7c9e6b2
goalscorer08,6e669d32-464a-3bc5-a3c8-35dd32584ce6
granz3410p,8c725044-0215-3d96-99de-118a5707f7a6
grebo_,d3e8bd01-db97-3d5d-86cc-f1b928b99542
greenshark1078,a1d11d2f-050d-301b-b323-e0041141bc47
gristseiomegar,54892c2d-792e-3a8e-a613-8953b3c570c7
grosssser,a7f14989-b127-3382-a616-ab96cd97f68d
gtddnwmvgrzgww,f87d1621-20e4-3037-831d-9c992b2e86e9
gurchus,4a74eda9-d2f6-3452-834a-2e39ec54a7a9
gyrkiz,a04536eb-699e-31c7-a551-a3a3dc54c731
h8xade,1815fc7f-a3c6-3a04-bbb8-176ad5a33511
hackertdm,4b184e0e-bc4f-3568-8414-5b43074f103a
hak0u,5093de25-0c2d-311d-93ca-cce7fe7eae42
haley_mp4,c0cc48b6-523b-3a70-a7da-c7903d165976
hanh,3572707c-a6bb-3c9c-be3a-b4be6b215369
hanh2,78c9fed0-4c10-34a5-808d-d34f74bb234a
hanhhackervn,43419d45-be51-3691-b2c7-8a1003dcb4fe
hanhtrumtruong,4e35f5fa-68b6-3fde-b89c-d9577e34507f
haongsurvival,4d384780-cfdc-31c0-ae30-636e2c03158c
heidelbeerkopf,cf9ae5e2-e590-3eca-b478-ec874acaa339
hiiol1,a173b58e-a1d9-3359-a5b1-7b05a17fc33e
hkh_ferrari,55337ec7-de3c-3c24-b63d-c34f9737df40
hkk_,bb5c9eb3-0068-3d5d-b8a7-f531ecd9fa23
hkxgt,db046388-cbb8-30e4-8f0a-24e5e5b577aa
hluu,3c787e69-6a89-3bc3-8805-4dbd8fb42f6e
hoang5504,23350565-028f-32ec-a6c5-230181d3158f
hoanganhsurvival,7bc779e6-9f38-3660-a31b-634e6dd8f6fb
hoangquoc7147,1bac2411-8782-397e-bcf6-1ef1690bde15
hoangsurvival,9eb25992-3f85-3243-aeda-58e4aa5a511a
hp_thanh,dbf06683-79b7-3790-ab7c-325110399853
hungnguyennaz,184f1941-bd70-3d0a-80f9-5140b162770a
hungvncraft,de560774-fc81-32b7-baf1-893a7b6483f1
hunnnymoon,cafe1312-731a-3978-a70f-c20615feb5a3
huy_opsky,5a4edda5-845f-38a6-9636-7cf7db6b03f9
huykiara,c17015eb-5acb-356f-aaac-6fc3c5779f53
huynhhuuquoc,82da62d8-f73e-36f1-be67-c2d865dbbb9e
iam_zenki,e832492a-a858-3523-899c-f6d15b0a4f9d
ibloodylovett13,8ff8264d-388f-3435-b1e3-73b64cebf6f1
igotcandyinmyvan,36978c68-6a6f-35f0-a10e-84384aa61676
ii_ika_ii,70af2eb7-9c2e-34c3-bc24-c16e653d72f6
ijaccy_vn,7551738d-8e8d-3ef6-bf66-3c0bf378dd35
ijsnkjzpbaqjo,db24b815-8260-313d-9e59-4cc942f67ad1
imnewdonthurtme,d101a33f-bede-3a41-8a0a-7167ba0091fd
imrexoze,06474406-cc8e-3c7d-9b32-acbafe848ceb
indythedefender,0b64a783-08f4-3721-acda-d9d48e5866c2
inspectwatkins,ef04af15-593c-3e8d-aed3-5d456fad4249
ionor,91ac2809-bb0c-3bf3-a70a-ce6569bb9100
iqeihylyisxjb,cd1bbd37-1311-35ae-b8d5-d9231ee9e7ed
irajeff,6a770851-9771-3de2-ae0d-851f7dda8c92
irock121,b0402ff9-bade-3370-b9a0-038d695bdfa0
isternalalt9,25d55a2e-b225-3af4-bba2-61298b8960d6
itliu,ef9c9cb0-716c-36b3-ab43-94b7c55cb617
itskhatmyguy,1d5d8761-049a-3925-a3f8-01b5641564b3
itzsponky,15811719-57d2-3073-b2e4-c1c15d7a55e5
iwannabehuman,d214f328-5f41-3792-8122-bb2675070bd6
ixaslxdqect,711fc54d-02d1-38e0-beb4-8b407fc034e2
jackadamlara,2f892697-9e27-3978-948e-16178e4b96ad
jacobkburn,bae8c487-e4e2-3a82-a85b-b9cd0de056e7
jay_wang,d6f3692f-eca9-3bf8-b822-e1ea09bf8a25
jayv4th,2c3debe8-33b9-349d-8bac-cead35e5de03
jchavezzz20,6db88e29-e680-3cb5-bb8c-278ae8a8895a
jcjwqvecwwtfysc,f5e33db5-cfc2-387e-b85c-c49ee8208bde
jdcuss508,04b6c492-f6c2-361d-a46d-23842583a29c
jdragong,6480f672-5a32-314f-b96c-5195b19de4b7
jeff_the_fish,1e0bc874-708d-347e-a8de-19e409463ecf
jhonnybow,f5d4f692-b506-31c5-b0cb-a734a44f7479
jinx_uwu,bf743bcb-f1f9-328e-8163-8f1efb1d945a
juaz,2335af11-7219-3218-950f-5e8ce38c92b3
jvek,3dbc597d-494a-3df4-95c1-42b3a4dab271
jyhlqcwnqxsub,7fb07286-fbfb-3054-8cd3-e097152e945d
k_mole,1ca7ad67-1d16-395c-9457-7a96dc2eec9a
kalosx,c85c6756-0293-3b20-a0f4-fae05aebc886
karleyk,c626d8d9-aba2-3502-a3a5-3ea141fa2975
kcin,b48886b6-bf8f-3778-873a-b720c3fc1adb
kem1024,c3e339a0-786b-358f-87b5-e9fd6183fbfd
khangnt900,890053f7-6c8b-3a2a-9b88-b006d3288fa5
khileysdaddy,eebfb4e4-6614-3fef-99ae-24061eca2fd7
khoadop,efae2232-d78e-3cca-91e2-3d97fee86992
khoakongu3,494c6ffe-b07d-3779-a491-f40520473c61
khoakongu4,56e70c39-d2e0-38b8-89c1-6434c30d183d
khoakongu6,bee8fed9-e2e6-3228-a6c5-5cb0ccbbabbd
kidsrn,ae6b18e3-e424-3511-948c-e77ea22fcc20
kimiko133,6cc0f473-195c-32a2-b6d7-67fc08d6e5ba
kinaticat,e095d46e-627a-3ca8-8ea1-bebabcc51255
kinbon_2k3,f378d685-cbc8-3832-8278-3d924bc5a033
kingkong00000,09af14be-0b9a-3f1b-9783-32c0e47c1488
kingnasus,653e23e7-aaaf-309e-8808-9a0f650c5cf2
kingpc,cc5a289c-1af4-3476-a4d4-494ea45d0595
kingsehoon,5057dec8-0859-359c-83d5-cdbcec002054
kisale_tn,daf78a1b-e032-3c0a-9c52-cf7bbbb12c1a
kk_uotz,5852ad8d-a9e5-33a9-b331-44b8e1ee9219
klabuscherbeere,7dc13c9f-6efe-3220-b909-8d3a626c281c
kneb,997d7004-30fb-3dfb-8710-055fd4e83a86
kocoj,718bf2cb-d498-3662-bda1-6becdd4ea36b
koloha,b898ac15-9483-34eb-b26e-36b2761d85fa
koolaidal,93673b5b-e310-34e0-ac5c-002a2cfab256
korea_dohoon,eb872c71-3f87-32a6-a133-84c3e1993545
kptqxo,b31ec692-9510-3979-af0c-70fe15cfb584
krbb,bb71c4f6-5673-3661-adf7-c5feeb5fc571
kutaki,8e162fba-3571-3e42-8e65-214b442d7d98
kuuqeihmuyo,78318919-0957-3ec8-a1fc-3c16be89aead
kydslk,4f280323-3d6b-3244-969b-5aa5b0197abd
kyoseiytb,09cbbeba-4193-3c17-b52a-c1db99057b9e
l4gtesnub1,4a27029d-f749-3e72-8198-26970d3419d8
lakaku,507353b8-4078-3a91-8b12-96c052326b15
larrytodope,c287f543-38aa-3604-9b79-befc8d9ef71e
las922,d7ed2fee-3541-3ed2-9c01-8324180742df
lauradangerous,4d3bca69-8046-380c-bcd9-5dc0b72c2b11
ldaring_,81b6dd49-520d-3d47-b68a-b6d3c3594ff1
leledu29000,f87e9743-7fb4-3019-aa76-ba1534565b4f
lennonmoly,5ed75c97-fce0-3664-9924-bc41813ceefb
lgemgau,943cba1f-4143-3cc4-9514-f2fb0b387432
lhoanganh,d8162a63-2e3f-3a5b-9f17-854c1903aa47
llhebs,59a96a31-8363-35f8-8e9d-5a89963c9a23
llpcsrurrcpjh,8e0386bd-e6cc-34e7-9681-cf21bbf5482c
longkadeptrai123,30045471-2caa-3c34-b5f7-af7ac0db0bd2
lordicy,91730d02-8366-3374-a130-177ac39926c2
lordwill25,2159cfa1-6516-3455-bded-e0cb807f93cb
loutha,77dc4998-baf5-3fca-8110-afa4ec5ed780
lovarie,1937adad-2781-3d62-b8c0-08f5c71fd523
lowsided,0fcbc6d6-cc58-399e-8bd8-8d0130fb3c15
lsaya,98f0976f-8102-39c1-9494-5bab8b0f384d
luongdz03,b5de8bde-586b-36b2-8880-76d5ae2bd94f
lyufjvhnhwn,70751deb-56d4-35e5-b2ff-4f109c63c554
ma_dd_ox,0f51e005-1a95-3848-a710-bce7793b5dfc
madkenji,96c6743f-5aa7-304a-a348-6f836f41b6cf
madsole6,757dfe15-6e6f-31c1-8096-eb36df3c4845
maidbf,36875f60-592c-3879-95f4-4a46d4e293e6
maitrechu,c86d425e-01d0-3a0d-98e0-98067d6dae78
manato713,fe65463c-b6c8-3075-aabb-2661ba6d0777
matt_02mv,84f37bc7-6763-35bd-8831-d1feec4d475b
mazzz,65aae888-6358-39d4-8e8b-78fb6a412fcf
mcmasterswag,704b0974-c7ed-3ab5-9519-38737d622711
md_5,c70f922a-984d-37b1-94a2-58bf198a55e5
megalojake99,edb7b5ff-8a08-3890-b9e5-0cd2b9ccd54f
megamen98,92eb9578-d567-30b2-8d92-a2da04a3b8ed
meikomenma,3ab18cea-37c6-38b4-97c0-4f370bd82687
memaybeo,ed37df6f-7337-3b05-adbd-8e1405588bb9
mercg0d,9a663fd8-7e46-34dc-9d81-41d97879ea6c
mgtilvtgsyzv,cdc82318-d02f-3043-8817-912170e0fdd6
mhkqgsgsnbld,fe278ac3-7647-3ca2-85b1-78ff3f538e31
mhskyblock,3fc9bf56-df97-3392-aa96-2833e66e48c4
mieldazis,169031dc-6dd3-3360-8d1d-1a68a9602fd7
mikezor11,656f6261-3370-327f-a7e6-e6c69356a5d1
mikipandamc,0861f551-9e41-363d-8b02-8f0cd814a41b
mikonoru,e4acc8d7-f224-3cfe-9f7e-822f37d11b8b
mineplkoqa,fc81d4f5-5543-3bfd-b1a6-6bca0664fad1
minetuan1904,14955e2a-ea84-340f-8666-6a812182b1ee
mining4music,86850517-1288-3e27-bda0-e1bdfeb25a71
miss_ender,3e133d86-24a5-3a70-a153-13530004c451
mk1234321,ef94dc3e-7c75-3285-bf11-7b38c212ae92
mkqctcndefakaslb,d32f12c8-89ad-3225-b420-af6b5b19a711
moe_lester158,0f871c79-703a-39d5-bfd8-5d609b425925
moistmiah,ddc16f8e-0c5e-36a6-936a-e7b19b45dc5f
moitapchoi,de3cede8-3aad-3279-8d44-0c88ac439180
monleo2x,a053d244-95a1-3b0d-bf92-4922f980f4e0
morrisfam3,a547ff62-ccc1-3d63-b9e0-9c27d418655f
mortyvr,67e9aa39-849e-3703-bfa9-427cb0f05a91
mptijxgqeodga,71f8dbc4-b3a1-3e75-a1ae-56f7c23e710d
mr_hubble,1355add1-153e-3c11-8181-04584088401d
mr_psycho26,b3ffe442-5a02-39e7-a37d-92bc16c73cb7
mr_shiron,4c43ae1b-ed82-3cc0-8ea1-a28a92dacbd0
mrbigpeen,eef8991c-4447-38fa-91a6-a10b6d17f471
msi_necrosis,e9becd50-dc8d-3579-994b-2be978fec5db
mtfkimtaomelon,ffd22d21-3660-3d90-8514-d3d6e9e58328
muffindoctor94,582246ce-d153-36d8-b442-2e80a855875a
mvpmrsalmon,1cd8e6d2-6fb8-335e-aec2-f60fb1586fbd
mxuojknpaqqi,9f529ca0-7e6e-3f24-9816-df2c8dfb3679
n1ceplay,b1c2366f-d360-3ec3-8c20-765fb7ec5cda
nam_p_q_,667e8d68-651f-3903-b020-3861b9ebd90e
namhack1,2431507d-e3d9-345c-afaf-d4fbe2fe40c6
neoticne,41d9d9bf-8b92-3cbb-b968-fccd724bed62
neroqueen,05594773-f659-3c30-bb20-d7084373819a
neverborn,cb06a6ec-72da-336e-9471-8f1c2317fef6
newcow,19b22140-0cf0-34f9-ab88-586d118a6fce
newgamepro10,e5333213-571a-3bef-b55e-dd4738fa82d7
nghoang,146cdaca-7b40-307b-9ef1-7425330b0650
nghoangf,63bda27a-d136-3b4d-9c16-73156d007403
nghog_,08c31da2-257d-389c-b8fa-0161a20059d4
ngochai_tn,0804984d-db93-33b8-9793-c5897865f797
ngoctruc,87148d98-9f3d-38c2-8035-d54e783a38f3
nguyenhuunhan,aa17ee9d-cc97-3e4a-bb31-2edcff16a097
nhaafk,715a7a13-176f-3cfa-a6d0-42e5767edb50
nhattruong2,8855f425-33a9-397f-b922-888689900c0c
niceguyben,9356cea1-b2cf-3c28-9cfd-78e9cd244bc0
nick19990703,fbe49130-2632-38c9-b2eb-15d26be49255
nifego,906eca6c-82ff-3085-8e54-6b07ee850826
nightblue,c34efe6f-d6d0-385c-9b5d-67a535f3e8ef
nightraid,e86dad5c-acd7-32ee-b208-fd1eb113ce0b
ninus09,ead23a7c-3c16-38e9-b846-e98e7d5d6df9
ninym,c7c8ab7e-1845-3013-920d-aa1c3b0ac55e
nnajl,2798b5b2-38b2-3309-9a36-43f828bd8ba9
nnbzrb,2db8cd09-728b-3512-9090-f2b928d48e95
nnfieupgeqz,3ebd82af-f799-3f90-9d44-802fa9b05fa3
nosaap,1c17d4db-ba2a-3a64-a9e6-e609862a1798
noswal007,5db053cb-515b-396b-8979-8d6a1fcd6b28
notrever,a87f6810-025c-3b57-9662-dcb9f2fb2f1e
notxrobuya,56d8ffbf-ff2c-36e8-8a1b-6702a20dac96
npgaming1,96c98ef8-69c1-3031-93ff-fbbe287e22f7
ntnnhudog,2c571dcc-798d-3d3b-bcb8-50d17561c6eb
nttlq,d4352559-a9db-3af0-83de-2b85ad744a25
nvqnhu,5321df0a-5a78-3280-93ef-e1cad785b694
nwpwopwwdjtjygf,bbb8c6aa-d254-3953-bbf3-cc25ad7fe119
nymfie,eac53ad3-5dd7-33b2-9729-7eeda6e2cbf7
obty_,aedb6139-90aa-3f29-aa52-5c14c28f314c
obxenlldrgpazqzy,398de8bc-bcb4-34a3-80af-4ac832464dfe
oddloop,bb3e94e4-8e57-39f8-936b-7ea132f556b5
oddloop_test,56d072a3-d277-3c7c-ac97-aabec466f991
ofgame,ebe3e4c4-5b6d-3796-9a41-3da951b59bea
ojwneygee,633e06ea-b54d-3a48-a2a3-ab644c2f8646
okami_san,34d5b27c-9af1-360b-bf50-7612c1cf0af3
ombsnbgclba,8a019498-c867-3ec9-b803-bbf1386c8dba
one_chan,cbc67eb4-be50-313e-ac47-39edd696739e
opxitefurmsr,5c4865c7-d71a-3ea9-aefb-fff66f0f1c7c
osjvljj,5ef64f37-7d30-34b4-88df-78d114c791aa
ovelow,3af64227-eb1c-322b-98a6-8a9b272aaaef
p34nut_butt3rrrr,70e588d8-9ff9-3b64-89d1-27956fe4e4b5
p_nhi,aaea3ea6-526b-3ed9-bae4-c4b03969a68d
pandarandomness,7c9605c3-cc45-30dd-a780-827a95e78175
pcr6000,4f7e0db6-97d6-32d6-8967-098e610056cb
pebblepebble,ebb1e788-2fc8-323a-abd9-8db833cd432e
peckqq,4c27ceb0-9eb0-34b0-992f-8c8820cab0c7
penkomc,8a544cd6-5ae0-370e-9c16-3c8f2f18bec2
peytonreese17,e3e25aa9-d02d-39d8-9138-859b3a43c136
phamtrungkien,f6ad5e69-1c23-3e4b-94ee-e85803e9b76d
phungduc,4d839cfe-1ba9-332a-9a35-05dd73275833
physicalcherries,2cc83d4b-8d18-3862-8bbf-ac3ed1f25df2
pieridingsharks,61a0c489-d0f9-3fb6-8446-aff9668fb581
pixelationdog,ad2710fa-8798-3448-b8b3-00131d547baf
pixelwalker14,c400226c-32c9-38bd-aee9-0f14ee22344b
playtv221,bf30ea7a-7cf0-36c8-a3d5-82f56ddac135
playup5,c74d6703-74dd-3e7d-8db9-35774c0d3fb0
plbmcn,e09cc1c4-6851-3b78-953f-a31e47818988
plebtism,4ba53b1c-24b9-36eb-bc41-a3a2f85bb083
pmsdflvqcup,16edd78d-a0ab-3856-9206-40a6ffd4aef3
pnpt,df88f903-1778-324e-b741-ac22e478f132
pokemauler,8d8cf75d-9e5c-35c2-a2c3-86af7333ca1d
poteto1008,1c757b85-c4e6-3630-a5d7-46fc017ee3f4
pottitthue,8132a1d0-66cc-31d2-a5cc-1f74bf6a59ef
pt5n_fake,f0b5a300-9f64-35be-a8c6-2a31106c2f2a
pugman40,d2a216b6-211e-39d8-9449-1e5918658051
pups52,d9266af0-f57d-38ee-9ad0-e54572e106b4
puzgiqmhhqsrfzt,d3797c36-7fa6-3e4a-8cb3-742d555074bc
qbcgzyfox,52cfb0c5-d02e-3438-8796-1d14c4280ce1
qldsz,211afe15-1939-3e0f-ae22-95f1645f8743
qmoaadmq,1ae7b050-d59e-3666-981f-2d95ca0d4f24
quicksilver22142,cff8f03c-c355-3b7e-bef5-d77af05dca73
racko,d3d4de21-0209-39a5-9c0a-9578d806a00c
radanta,74fb7142-9858-3f3b-aa1c-33f5cb0d7a46
rae_z,73986aba-67c9-3349-894c-da0b6939d198
rahlus,a7a51d23-b331-37cf-9acf-15beb4a62e5e
rajdi8,509474a5-0261-3cca-8e77-b2b608f9d8e1
raptorm82,150eeaee-c31a-3913-b4b8-c4456d8cd09c
ray,6a78ec1d-8dd3-3501-a4ad-4621bd5a5420
raytest,f3dd11d7-5b52-3670-ba0b-1b434c0a3bcf
rednope,ba66a196-3dc5-353b-b661-1c85ab60eec2
reever888,9e8fa721-9884-3b10-bd7d-4afa8510613e
rehakun,aa959b5c-322e-3a31-a2c9-f8bd02e9e7a1
repticharlie1,84a2e477-edda-3905-be05-3f5b7710eec4
reub007,1dc14106-ad3b-38b0-864c-59b1f4a1fe43
revtron,68354cbd-bf40-3461-8f82-f09eccb834b4
riivu69,6a1ff92e-6763-37da-9afb-c749aa12fbd3
rinqgrucozkpvmkc,113218bb-7dcd-3c40-ac10-72c9f4eb41c7
rkamm01,8a251d82-5efd-3933-841a-1c33ed7a53f3
rkoswag,795cd14e-2f53-3840-a6a7-4b2b1ed77a39
rlfriz,50e39197-2aa3-38e8-b978-98a3d5d78204
ro_bot_1,dc0ee8d3-eaa6-31af-aeda-1e094c148cda
robercid,92bbdf67-7fec-3ad7-9269-1d815758af83
roievoyzizamsfh,99df0a60-ebb5-3bc8-ad33-a8ac504ad407
ropes99,a9ffa29d-7a02-3629-86f1-38ff62bb0228
rorysnipez,7e4e1207-d099-3b73-a41f-7c1f35ce5bc2
rosingboys,3d003873-1b4f-39e6-a3bc-2c573566e49e
rous,87112980-ac58-3173-9e03-e26727e88d7f
rptben,eccfa348-a7a3-3178-a738-79c1deb266e8
rukusmaker,d4d7ba00-8d7f-3643-ad9b-619a865c9cb1
rweyngtqrjq,a49951fc-eddd-3a09-9ce5-6fb5bd80470c
rwsjkiyefuctztqg,72a3244b-3c90-322a-b4c0-69402038f3e6
ryanntheboss,5befa752-8e74-33fb-b8e8-f8d90afb16ea
safufu,8bcac208-d72c-3765-9015-1085a73c006d
sagel88,60ec3bfd-f0d5-31c0-b015-c5037fc69072
sakakianji,0230fa10-b949-31de-9edf-86d8e1ce4240
salmonpineapple,cd72aa39-10ab-3f95-a8d6-9d724a4be8da
salsa_accounts,989fd8be-71f2-3903-a06c-27c5753fc772
sammyate,5d51f6b9-d4aa-3533-8a43-b95a2a5f14e6
samsungsmartgril,e68c29a6-99fd-3808-9adf-23f83e4fc0ee
sanctusvitre,ab015535-29cb-31e9-b7cc-efffc95f1d74
sanderzzz98,bbf64c99-f89a-3b3a-bab4-598f4feb93e5
sausan,57494c10-1924-3dab-98f2-9d37e7a10753
scaryghost2002,c32442a2-b34c-3dd9-9555-e0fcb8e26c81
scm1477,ad877276-252c-3654-8e55-277b41bf9f52
selia,42ecc9c6-ef63-379f-a4f9-42fb220f45fd
sempaichilenito,37d532ac-4b67-35ac-91ab-bcc40efc2962
sentapack,27e33437-9b10-3284-b000-b2d596c05368
sergasi,a4612669-f174-3e0a-bfe7-113100e2a839
serverdowner,f2f73ca7-55f1-3965-a158-a57855881549
sev_ghost,09e985ae-7b5d-3fa9-bff4-2095f6668afd
sgnentchtrrghtvq,41c94c9a-69cd-3989-b82a-4d8266d72139
sgtfury7,7b41922f-9414-38fe-9864-393088b98b0b
shadowyv,89fde5af-63df-392b-86f5-5a8753899c46
shaffer108,8c8eae2c-851c-3261-8a25-60c192eaa924
shekinas,d9073abd-05e7-328b-8686-9c6d294e3a7c
shiravil,62d1575c-b338-32cb-af7f-36658a840e66
shopkeeper,21e437e3-aabf-3033-9702-1c9fba6e9777
shugo64,b6ff571d-287f-323d-8ad6-3481d1d4f8a6
shusaura,6992ee02-60d5-39f7-9de4-e2e8d03d3d99
shusauro,befd619c-988e-33d1-a2a9-b91c2b0b45de
sicknubs,d19870a5-b738-3da1-b226-a8dc3dd9b7f7
simonkno2772,03b15f53-031e-35fb-b8e8-c7e14864f740
simplyanxious,8f58cdfe-d499-35c4-994c-df2ef792684c
singulax,c7e27028-2504-3b90-9c2e-4741f5132130
sinosuke,4407dadc-21f7-3e96-9f7a-487fbe68a783
sirkakabra,187b5d4a-25cd-3450-adbc-1db20813fa15
sirloinofbeef7,4d92bbea-b600-3a9a-ac7d-33b8447e4544
sirpricklebottom,ab4dbef7-4712-3e20-8222-162657d61b2a
skiddu,63c2a4b9-5855-3015-975a-005ea1c4c4f6
skt_gaming,4ea67e83-bf3a-306a-94ba-2065464847e9
skyguy74,8c829e1b-9c1c-399c-b325-a1206a2ac1b7
skyleelie,89f20fe4-f692-343c-a3a1-d2520f7051b2
skymc123,694179a8-7139-31a0-b4ce-8e10e75adf6b
sl_tiger,7cf0bba6-d8fc-3703-b939-75d9cfb7fd6b
slaya,b953aa78-cba5-3b08-9e27-b0bd66ee72c2
smash,5001a3c5-6dbd-3345-a0ea-3c50770176cd
smokebomb444,73701075-dd42-3ae3-aeaa-864ee4e86a6e
snoepuitdepot,cf0d1c60-783d-3609-9d03-e0cd9021baf9
snoopear,6a6a9912-a16c-3554-b90f-5726edd65317
snxg,e0122a16-69f5-32d2-9cfd-40769b0384ca
soisunosmonkeys,0e50d8f8-9057-3233-88e6-c3371239ec42
space_track,08e487fd-e1ad-35b5-a3d0-72e8f29d32f5
spencen,963f7fdc-6185-330d-82f7-1d8c01e11816
splurkey,22cb71b5-79ef-3b76-859f-e27cfdcd8f0b
spookycr0w,fe7e0106-fad8-3535-abf9-3291284019b3
spzaiesbmhuacolx,48a91a64-5a0d-38e8-99a3-ce0674c91f65
sq_antrc2,9ee69b5a-7132-3e5e-aa42-3673e749ff8f
sq_fake,c3593597-8247-3b27-923c-ce3ae903b30f
sq_serverdowner,76ce6cc4-aa47-3f9d-a446-b7c17332fe68
sq_weingu,b5551087-6bd0-3462-953f-a58d865d4748
sqvjmiawine,fedc3b8b-9838-36f5-9462-27f11dadcfcc
stapelgek,28c645c8-2a29-336a-a775-084a3ede5ae9
stasuke,b86828d4-c5ac-30c3-921c-04b114361bd2
stevenhalgaming,bb30a344-8a47-338b-b118-02b773bfbbdf
stiller,8d8fa3d3-c1e6-3790-ac5e-f5c78059bf46
stone2016,c7f71df5-9531-3e08-a94f-a84e75283a98
stormygage,8222ccd1-1380-3d9f-8da5-564934467146
sturztrunken,844b1bf6-e1ae-3d09-9af5-991d4b54dea2
stwe1985,0570626f-df67-3226-b55d-7d4e05b07a11
superbossmonster,6de87f30-9b88-3949-9083-a9cb412d8917
supersanic1022,4ed8799d-e4b4-3ff0-8e8f-3083e8403c7e
suvrat2108,de3b9146-9ab8-3863-ac53-438177c64517
sweme,d1c2d731-2b93-3eb6-97d9-17f75f74ac22
synapse32,89450b84-4ade-343a-9dba-57348c208a33
syndrabbg,0962758d-a8c3-3e23-9de5-6b53a02f266e
tabaaht,39964fc1-03de-38e6-bcd5-cb8a8fe61ff7
tadej_,3739e396-8ba2-3e6b-8dbf-4a7f5441cca2
taducmanh,c9ea6253-bf31-3775-8388-1c19d8330b6c
talisac420,7727a032-a359-35c4-9d2f-64674da778a3
tallenj,94a49997-0e99-317c-8f2f-094169fba058
tamagotchy,f6199f70-9f92-37f9-ac50-4d28cf91e5e7
tanktop_thomas,f266abc0-1ace-301b-9661-b95cf029530b
tappy_17,f6456dc8-bbb4-3a69-9582-cd4cdc54d5a5
tcuongg,f8b0c8e8-d3e7-3368-aa0c-c7b347b322a2
thachotui,bf9d2f0c-f5d1-35f8-aee6-d5e676e2b3a2
thangga,437542b7-ad5a-3629-abab-b0ebd0f1c095
thanh,f08e55e3-e673-35d6-afca-36dd6ee47074
thanhlongvn1,86eceab3-8108-3e85-9f91-213ef1993de4
thanhphong2k4,f62e22d3-22ae-3812-a51e-c12fd0bf2893
tharios,73aa6c0d-5447-38ec-855c-f1202ec47057
thatcakeboy,a8e93a26-8ffc-3b30-883c-85dedececb3f
the_holywaffle,dbe27257-1f93-35e9-b002-c16c94ea8e69
theangrysquirel,da186d65-cc2d-3477-a1eb-3e2722e3f00c
thecharlie06,4b5a93d1-2419-3cd1-a2ad-b89dd5b612d0
thestitchgames,2ddc4f26-4a1a-37ff-a216-ad63eda8bc0d
theturtlecookie,d5dcab66-b22e-30a1-b61f-124a4283b3ec
thienpipo11,f7314b46-c973-324c-9511-21ae400aaad6
tideptrainhatvn,90875777-fe53-3946-92a0-425a42d82071
tiffthehuman9,f223d68a-0812-3fe1-9785-4cb5a10cbeb9
timmi0423,63f3cb8d-9423-36fd-8805-f43d210fcc8f
tinsieunoob0401,7b70c263-3dbc-3b21-b634-decc8236163e
titan1143,b202529e-e8df-3ba6-a559-33b3f22d8624
titouan41,f78209f6-8690-3c7f-a7cc-97eaf6075c08
tk1911,cdaeea80-0992-335d-a9ac-f06076695e82
tkmmy,ac5fc9ee-f45b-3d40-8aef-cbba6809df1d
tntk4,275df8a8-859b-3e40-ae9b-9de2430672bc
tobycwsn,9393ad32-01eb-3745-8b00-d7d1b163e517
tofu_152,58a9378a-6fec-34c6-ba95-107ee5a6d9ce
tomasg23,ad5e6326-7ab6-3188-a6c2-ab860fac8d17
tps2004,72878720-449f-332b-9efa-b6f1dd4be943
trailior,c288ff49-ac75-37e5-bc4e-50dc94e91a0d
trankelix,e3f75888-9d95-3a3d-b600-ef191479f7d1
trankelixreal,44129cbb-9e57-37a8-8ad8-7b482d5ce4c7
trankelixthuba,1a54faff-e3a3-319d-a4f9-ddc43b08e479
trankelixthuhai,b86833ec-57b1-38c1-b656-443b9cc6664b
trevorattack,8ae3c9cc-0a86-32a4-a3c7-9defb17fd1bf
troy_darrow,11ae230b-98b0-39ec-b74f-8eeefcdb32a4
truerougex,d2cc3a9f-a7fb-3ce4-809a-12b7a420615d
trumgamepc,15088351-9e45-3452-9522-e1ebc3ab86ba
tsinpapat,652798ad-c56a-35f9-b69f-d0fd1b45d13f
ttg_god,a1f2ecd1-5084-33ac-bc7e-04727145eecc
tuansurvival,74cc78e3-8b3e-31dd-9e2f-b376b2e302f3
twimbli,80741359-d372-30d4-a7fa-80f62e19f8d8
tyceangk42,f3257e2f-d893-3b55-81d6-ad77848dfaec
tylerdremsek,c6bb569b-0fdf-3c0b-a227-7440edbcb2a0
ucrd,ef1d72a3-46d3-38d2-be9d-ec33df0bfdf8
ufdajiq,5661550d-a858-3b93-bfc2-cdd2b675ac18
uhoavmnvbeydn,929471c6-a9e7-329c-91ac-7c10d78b76a5
unoriginal101,0471cb21-79c8-30b4-ba4f-ed228aa07333
unplase111,95313a21-a642-3cfd-93fc-77f20c9e21c8
upsbite,6eec5a0f-9327-38f8-a498-52033df7ec70
uvbff,5f87c20a-c8ed-33df-b983-d924535582d6
uynsl,785bab0b-2d29-33ca-bcfd-2bb1de2eba11
uzzer,9785f87a-4c4b-35e7-a7f1-5f4cc712dd4c
vaga9947,39045bd3-3baa-33c5-8721-870be92500a8
valeeen1,7db55b9a-2cb3-3fc4-bd8e-ee81b963ab34
vannie53,5ef82035-0256-3f20-8cdd-2a110cb08b59
vbennich,d11ecdc7-0b7f-355e-89df-4ca33dc8df9d
vdtmrtzndrdtsmkk,a9a726fe-81c3-3e98-9b2e-96a10c641387
veasq,8555574c-a3ac-3b61-9022-2ce0c1c25ce1
vesh94,784b34d5-b2d1-34ea-9e4c-798c3bf349cd
vewwhtgyfl,ac6757d9-4490-3e77-a941-49f31aa2ba61
victor_vaughnn,ceb4a003-5b8b-3bb6-8400-198967f22d4e
vinhss1,1362ce49-8ef6-3376-9b6f-4f7701393f6b
vinktnl,da5ab7cc-04c8-3ee6-b991-eeef73d22cfc
vrbozb,a9d3d752-c013-3dca-a208-15a73cb9cf53
vrose23,f4346567-6fb6-388d-94f5-6db63a70e3e9
vseikus,510af318-e170-3b19-bacf-621e351a08fb
vuongprohpc,857d4f31-e508-3ff5-8bc0-59c63092d5da
wanisko19,02b12950-5725-32fe-ac03-af1e09bcc575
warriorslime,0a245c62-8c46-370a-b1fd-8f61e9b44e7c
waterybaarf,f716db92-895a-3d80-a9d1-c538a0adcca6
wdnz,2827ba5c-6a97-3fe8-a8cb-0d22e291865c
wdungx,e904c535-a799-3a32-a955-4faa649ad5da
whothatsword,5a93a996-ff19-3dbf-8c07-53a58664e20d
wigen,7f78f794-762b-32f6-9165-61edb8ecd710
willfire03,a4e15624-46bf-31c0-860c-86ff94c73f6e
wimky,4bb566e2-de51-3ddc-b8e7-83a3e9717320
wns0706,572e0bd0-0c70-3823-b5bb-e93797eb7998
wrshl,df23d35a-af8f-3a15-a2d4-658f47c23218
wumohsbtunyuib,aca7b0c2-29da-35cc-92f4-8945079735fe
wwww,ff2bade5-f259-35bf-b6ba-dbc57b7b3786
xcindra,a8058573-2c3b-39dc-aaf7-aaf539bb8594
xdddd,1dc5e8ee-dfe5-3f47-8c50-e3a7e64193d5
xeljdo,ee987c0b-742b-3653-b150-7630a352f991
xeroksexoz,8e3ae149-8fc0-37a1-8544-98c5356721d3
xjbmmd,728d8bc7-7c85-37d0-ba62-047177eb15fa
xkntrlyle,39df7983-8266-3ae8-b5f1-8fe6b0e5cb46
xlewnwptqitywk,9bbc0b93-937b-3fe5-a785-70a5b844637e
xnxo,301fccb8-ad5b-37c0-9f4d-63ab20e64ab5
xobe_,b0bdf215-651e-3313-9ab0-8da68d2e4965
xrwyablwsdlnqjzf,0bd98c19-65c0-34a0-bfe0-f64d40b96923
xsmall,b51a6537-3eb4-3890-9855-a508f732b017
xxgabito_ytxx,0c2830a1-40e4-301d-a375-552e57bd633e
xxsdogxx,d031eab2-fe43-3c4a-9fb7-32c82a921022
xxxmark2009xxx,95384562-4db5-3293-9fcf-53826793c000
yasumaro,74e7aebe-a97e-3da1-bb27-b2b3cc952200
yn_nhadepzai,cfdc82ea-f99d-3612-9bc4-6dc1fc2b79e0
yobravo00,86435a98-8d8c-3e5e-96f9-2a2b89ef5c3b
yourmomishot,f53579f6-8258-347c-9882-e5a6d708a2c9
yta_paomain,f39cba5d-a195-30c4-a2d7-a5c7ca6e1a76
ytb_pann,f2b2b5c3-30eb-3ac9-a98b-68a147aa9b86
zenko1258,831c7f41-34d6-37cb-a5ab-2e288b1fce9e
zephyrrising,2a3786a4-a83c-36b3-9066-a3f478c3697b
zeroeone,0654acc9-d642-3d0f-9943-f2552e6107d8
zerrogaming,f2c463df-8609-3d72-ba0f-3f8f574c7ddd
zeta3132,7385ba69-63dc-3405-a854-fd8da8e19364
zhaoyun,2b1a0a05-26cc-3c1c-9b40-e87240d691fd
zigszigi,53f8d0af-9704-341d-a9a1-12f8ed948725
zika199,1ed69c84-c79a-3d39-af94-0a22609867ca
zyno,924d057c-46e4-3263-81dd-083d2f849bad
zz_lntn_zz,389292e2-aecc-327a-aff4-17d98156880b
zz_ttht_zz,90d3ecb9-6f69-350c-88f2-5bdf2a5ce444
zzeus_,dc167068-23b5-3545-a54e-1d3191822c80
